model,val_accuracy,train_runtime_s,params,best_val_loss
model_a,0.7054794430732727,81.10702252388,2814,0.837658703327179
model_b,0.9429223537445068,26.240699768066406,462323,0.3160786032676697
model_c,0.7511415481567383,2580.4484753608704,19587,0.6696034073829651
model_d,0.9817351698875427,2521.353625535965,31363,0.28292396664619446
