model,val_accuracy,train_runtime_s,params,best_val_loss
model_a,0.7100456357002258,73.90258359909058,2814,0.8061095476150513
model_b,0.9360730648040771,27.713797092437744,462323,0.20333634316921234
model_c,0.7579908967018127,2017.6680629253387,19587,0.6556477546691895
model_d,0.9726027250289917,2223.8169989585876,31363,0.2869116961956024
