model,val_accuracy,train_runtime_s,params,best_val_loss
model_a,0.7945205569267273,76.66617822647095,2814,0.6774477958679199
model_b,0.9429223537445068,34.936763048172,462323,0.21597906947135925
model_c,0.33105021715164185,277.08827090263367,28030,1.1028493642807007
model_d,0.33105021715164185,310.6084141731262,28222,1.1002256870269775
