model,val_accuracy,train_runtime_s,params,best_val_loss
model_a,0.6917808055877686,114.83873409999069,2814,0.8344355821609497
model_b,0.8858447670936584,32.8846372999833,249331,0.46042782068252563
model_c,0.3264840245246887,59.55956690001767,20691,1.1026705503463745
model_d,0.34246575832366943,50.92189240001608,18411,1.0989692211151123
