model,val_accuracy,train_runtime_s,params,best_val_loss
model_a,0.7168949842453003,75.50477075576782,2814,0.7535713315010071
model_b,0.9360730648040771,26.552843809127808,462323,0.19674324989318848
model_c,0.77625572681427,1970.688372373581,19587,0.6659037470817566
model_d,0.9840182662010193,2258.456259250641,31363,0.2654936909675598
